bom_id,line_no,material_id,qty_per_batch,uom,mandatory,alternate_group
BOM_00001,1,MAT_00040,23.07,L,True,
BOM_00001,2,MAT_00036,74.17,g,True,A
BOM_00001,3,MAT_00047,28.99,mL,True,B
BOM_00001,4,MAT_00035,99.74,kg,True,A
BOM_00001,5,MAT_00080,56.06,kg,True,
BOM_00002,1,MAT_00062,11.12,kg,True,
BOM_00002,2,MAT_00071,53.01,L,False,
BOM_00002,3,MAT_00018,35.62,kg,True,
BOM_00003,1,MAT_00058,77.57,g,True,
BOM_00003,2,MAT_00041,65.48,kg,True,
BOM_00003,3,MAT_00031,1.61,kg,True,A
BOM_00003,4,MAT_00080,89.04,mL,True,
BOM_00003,5,MAT_00047,34.97,mL,True,
BOM_00004,1,MAT_00039,56.3,kg,True,B
BOM_00004,2,MAT_00053,43.17,g,True,
BOM_00004,3,MAT_00063,31.86,kg,True,
BOM_00004,4,MAT_00056,30.07,mL,True,
BOM_00005,1,MAT_00043,14.29,kg,True,
BOM_00005,2,MAT_00033,75.61,kg,True,
BOM_00005,3,MAT_00075,56.85,g,True,
BOM_00005,4,MAT_00022,50.56,kg,True,C
BOM_00005,5,MAT_00014,35.2,mL,True,
BOM_00006,1,MAT_00029,24.6,kg,True,
BOM_00006,2,MAT_00033,13.32,g,True,
BOM_00006,3,MAT_00080,87.2,kg,True,
BOM_00006,4,MAT_00043,4.56,g,True,
BOM_00007,1,MAT_00037,5.62,L,True,
BOM_00007,2,MAT_00012,88.59,mL,True,
BOM_00007,3,MAT_00078,89.47,g,False,A
BOM_00007,4,MAT_00029,62.33,kg,True,
BOM_00007,5,MAT_00005,14.38,L,True,
BOM_00008,1,MAT_00040,47.32,g,False,
BOM_00008,2,MAT_00067,67.29,kg,True,
BOM_00008,3,MAT_00002,38.28,g,True,C
BOM_00009,1,MAT_00023,54.1,L,True,
BOM_00009,2,MAT_00030,88.75,kg,False,A
BOM_00009,3,MAT_00034,22.11,kg,True,
BOM_00009,4,MAT_00043,57.45,kg,True,
BOM_00009,5,MAT_00061,99.79,g,True,
BOM_00010,1,MAT_00033,45.91,mL,True,B
BOM_00010,2,MAT_00051,96.67,mL,True,
BOM_00010,3,MAT_00040,60.72,L,True,B
BOM_00010,4,MAT_00061,29.55,mL,True,
BOM_00010,5,MAT_00035,17.86,mL,True,C
BOM_00011,1,MAT_00006,12.35,L,True,C
BOM_00011,2,MAT_00012,45.74,L,False,
BOM_00011,3,MAT_00024,88.18,g,True,
BOM_00011,4,MAT_00027,88.63,g,True,B
BOM_00011,5,MAT_00003,60.35,g,True,
BOM_00012,1,MAT_00013,24.72,kg,False,
BOM_00012,2,MAT_00002,89.62,L,True,
BOM_00012,3,MAT_00059,84.18,mL,True,
BOM_00013,1,MAT_00062,67.78,L,True,
BOM_00013,2,MAT_00028,25.54,mL,True,
BOM_00013,3,MAT_00075,13.36,L,True,A
BOM_00013,4,MAT_00033,65.25,kg,False,C
BOM_00013,5,MAT_00057,62.11,kg,True,B
BOM_00013,6,MAT_00053,56.98,mL,True,B
BOM_00014,1,MAT_00010,51.93,g,False,C
BOM_00014,2,MAT_00040,40.37,L,True,A
BOM_00014,3,MAT_00041,40.3,g,True,
BOM_00014,4,MAT_00045,48.53,mL,True,A
BOM_00014,5,MAT_00014,67.05,mL,False,A
BOM_00014,6,MAT_00028,45.88,kg,True,
BOM_00015,1,MAT_00056,36.63,kg,True,
BOM_00015,2,MAT_00078,28.83,L,False,B
BOM_00015,3,MAT_00079,28.96,L,False,
BOM_00016,1,MAT_00033,5.47,L,True,C
BOM_00016,2,MAT_00075,57.61,mL,True,C
BOM_00016,3,MAT_00080,68.5,mL,True,
BOM_00016,4,MAT_00060,85.81,kg,True,
BOM_00017,1,MAT_00067,49.85,kg,False,C
BOM_00017,2,MAT_00002,72.68,L,True,
BOM_00017,3,MAT_00039,79.31,mL,True,
BOM_00017,4,MAT_00056,19.08,kg,True,C
BOM_00018,1,MAT_00018,6.59,kg,True,
BOM_00018,2,MAT_00064,34.6,L,False,
BOM_00018,3,MAT_00023,81.69,mL,True,A
BOM_00018,4,MAT_00014,65.92,L,True,B
BOM_00018,5,MAT_00004,42.4,mL,False,
BOM_00019,1,MAT_00055,39.01,L,True,
BOM_00019,2,MAT_00020,96.87,kg,True,
BOM_00019,3,MAT_00057,9.74,mL,True,
BOM_00019,4,MAT_00002,39.17,L,True,
BOM_00019,5,MAT_00003,56.96,g,True,A
BOM_00019,6,MAT_00007,8.53,kg,True,B
BOM_00020,1,MAT_00038,20.25,mL,True,
BOM_00020,2,MAT_00005,3.8,kg,True,
BOM_00020,3,MAT_00002,92.19,g,True,
BOM_00020,4,MAT_00024,86.06,L,True,
BOM_00020,5,MAT_00061,73.42,g,True,
BOM_00021,1,MAT_00053,26.13,g,False,
BOM_00021,2,MAT_00048,31.59,mL,True,B
BOM_00021,3,MAT_00071,70.4,mL,False,
BOM_00021,4,MAT_00003,45.33,mL,False,C
BOM_00021,5,MAT_00027,20.61,kg,True,
BOM_00021,6,MAT_00064,40.36,g,True,A
BOM_00022,1,MAT_00066,71.84,mL,True,
BOM_00022,2,MAT_00018,76.16,mL,True,
BOM_00022,3,MAT_00048,3.79,L,True,
BOM_00022,4,MAT_00035,14.59,g,True,
BOM_00022,5,MAT_00034,78.93,mL,True,B
BOM_00022,6,MAT_00064,84.18,L,True,B
BOM_00023,1,MAT_00073,31.06,mL,True,
BOM_00023,2,MAT_00035,24.85,L,True,
BOM_00023,3,MAT_00034,96.32,mL,True,B
BOM_00024,1,MAT_00048,99.98,g,False,A
BOM_00024,2,MAT_00007,22.89,g,True,
BOM_00024,3,MAT_00050,22.49,kg,True,
BOM_00024,4,MAT_00027,75.72,g,True,
BOM_00024,5,MAT_00068,36.73,g,True,A
BOM_00025,1,MAT_00010,92.6,g,False,
BOM_00025,2,MAT_00061,30.66,g,True,A
BOM_00025,3,MAT_00044,13.16,kg,True,
BOM_00026,1,MAT_00042,56.15,mL,True,
BOM_00026,2,MAT_00051,43.9,g,True,
BOM_00026,3,MAT_00021,39.82,L,True,
BOM_00027,1,MAT_00054,46.13,L,True,
BOM_00027,2,MAT_00072,5.54,kg,True,
BOM_00027,3,MAT_00005,50.35,g,True,
BOM_00027,4,MAT_00053,44.67,mL,False,C
BOM_00027,5,MAT_00014,95.77,L,True,B
BOM_00028,1,MAT_00010,3.48,L,True,C
BOM_00028,2,MAT_00074,1.47,g,True,
BOM_00028,3,MAT_00033,78.15,kg,True,
BOM_00028,4,MAT_00069,37.87,mL,True,
BOM_00029,1,MAT_00025,38.49,mL,True,
BOM_00029,2,MAT_00023,90.04,mL,True,
BOM_00029,3,MAT_00032,54.97,mL,True,
BOM_00029,4,MAT_00057,99.87,mL,True,
BOM_00029,5,MAT_00044,95.03,kg,True,
BOM_00030,1,MAT_00003,66.05,mL,True,
BOM_00030,2,MAT_00042,12.5,mL,False,
BOM_00030,3,MAT_00026,43.74,kg,True,
BOM_00031,1,MAT_00067,19.88,g,True,
BOM_00031,2,MAT_00026,28.83,kg,True,
BOM_00031,3,MAT_00058,27.63,g,False,
BOM_00032,1,MAT_00074,37.85,mL,True,
BOM_00032,2,MAT_00051,77.99,g,True,
BOM_00032,3,MAT_00069,3.64,kg,True,
BOM_00032,4,MAT_00019,87.74,L,True,
BOM_00033,1,MAT_00066,91.78,kg,True,
BOM_00033,2,MAT_00032,45.17,kg,True,C
BOM_00033,3,MAT_00061,48.23,kg,True,
BOM_00033,4,MAT_00018,18.57,g,True,A
BOM_00034,1,MAT_00029,99.43,kg,True,
BOM_00034,2,MAT_00071,11.75,L,True,
BOM_00034,3,MAT_00002,94.49,kg,True,C
BOM_00034,4,MAT_00061,86.1,kg,True,
BOM_00034,5,MAT_00040,78.26,g,True,
BOM_00034,6,MAT_00019,28.98,mL,True,A
BOM_00035,1,MAT_00040,30.93,g,True,B
BOM_00035,2,MAT_00062,75.66,L,True,A
BOM_00035,3,MAT_00078,54.64,L,True,
BOM_00035,4,MAT_00070,78.11,L,True,C
BOM_00035,5,MAT_00063,1.29,mL,False,
BOM_00036,1,MAT_00014,91.16,kg,True,
BOM_00036,2,MAT_00053,19.65,kg,True,
BOM_00036,3,MAT_00062,50.72,mL,True,
BOM_00036,4,MAT_00064,53.81,mL,False,
BOM_00036,5,MAT_00074,69.06,mL,True,A
BOM_00036,6,MAT_00002,58.03,mL,False,
BOM_00037,1,MAT_00054,74.67,L,True,A
BOM_00037,2,MAT_00064,65.49,kg,True,A
BOM_00037,3,MAT_00005,15.23,g,True,
BOM_00037,4,MAT_00048,58.49,kg,True,
BOM_00037,5,MAT_00015,75.11,L,True,
BOM_00037,6,MAT_00065,17.17,L,False,
BOM_00038,1,MAT_00055,11.59,mL,True,B
BOM_00038,2,MAT_00019,97.74,g,True,
BOM_00038,3,MAT_00010,23.45,kg,False,
BOM_00039,1,MAT_00049,17.78,g,False,
BOM_00039,2,MAT_00078,42.11,L,True,
BOM_00039,3,MAT_00063,93.64,g,True,
BOM_00039,4,MAT_00011,90.36,kg,False,A
BOM_00039,5,MAT_00046,39.26,L,True,
BOM_00040,1,MAT_00033,76.42,kg,True,
BOM_00040,2,MAT_00065,90.7,L,True,
BOM_00040,3,MAT_00035,27.18,L,True,
BOM_00040,4,MAT_00031,40.23,g,True,A
BOM_00041,1,MAT_00011,33.7,L,True,
BOM_00041,2,MAT_00022,16.85,g,True,
BOM_00041,3,MAT_00079,4.17,L,False,
BOM_00042,1,MAT_00062,18.49,g,True,
BOM_00042,2,MAT_00048,66.21,g,False,A
BOM_00042,3,MAT_00009,64.06,g,True,
BOM_00042,4,MAT_00072,74.4,mL,True,
BOM_00042,5,MAT_00058,17.44,g,True,A
BOM_00043,1,MAT_00002,67.65,g,True,
BOM_00043,2,MAT_00075,68.99,mL,True,
BOM_00043,3,MAT_00014,64.96,L,True,
BOM_00043,4,MAT_00057,28.59,kg,True,
BOM_00044,1,MAT_00012,1.23,kg,False,B
BOM_00044,2,MAT_00006,98.39,L,True,A
BOM_00044,3,MAT_00052,74.28,mL,True,B
BOM_00045,1,MAT_00006,97.3,L,True,
BOM_00045,2,MAT_00011,72.96,g,True,
BOM_00045,3,MAT_00072,19.49,L,True,
BOM_00046,1,MAT_00045,7.18,mL,True,
BOM_00046,2,MAT_00061,42.32,L,False,
BOM_00046,3,MAT_00054,72.94,L,True,
BOM_00046,4,MAT_00059,72.33,kg,True,B
BOM_00046,5,MAT_00012,93.27,g,True,B
BOM_00046,6,MAT_00024,45.56,kg,True,
BOM_00047,1,MAT_00026,39.67,g,True,
BOM_00047,2,MAT_00011,85.53,mL,True,C
BOM_00047,3,MAT_00016,72.59,g,False,B
BOM_00047,4,MAT_00056,57.53,L,False,
BOM_00048,1,MAT_00032,79.06,g,True,
BOM_00048,2,MAT_00025,15.75,mL,False,C
BOM_00048,3,MAT_00020,87.69,kg,False,A
BOM_00049,1,MAT_00046,73.89,mL,False,
BOM_00049,2,MAT_00045,30.42,L,False,
BOM_00049,3,MAT_00044,96.36,kg,True,
BOM_00049,4,MAT_00048,83.94,kg,True,
BOM_00049,5,MAT_00001,61.29,mL,True,
BOM_00050,1,MAT_00001,36.78,g,True,
BOM_00050,2,MAT_00060,41.05,mL,True,
BOM_00050,3,MAT_00072,30.99,g,True,A
