capa_id,quality_event_id,root_cause,action,owner,due_date,status,closed_ts
CAPA_00001,QE_00001,Equipment,Supplier Audit,user_0,2025-10-07,Open,
CAPA_00002,QE_00002,Method,Repair,user_1,2025-10-11,In Progress,
CAPA_00003,QE_00003,Method,Revise SOP,user_2,2025-08-27,Completed,2025-10-09 19:11:03.267217
CAPA_00004,QE_00004,Method,Repair,user_3,2025-09-02,Completed,
CAPA_00005,QE_00005,Material,Supplier Audit,user_4,2025-09-01,In Progress,
CAPA_00006,QE_00006,Material,Repair,user_5,2025-10-08,In Progress,
CAPA_00007,QE_00007,Method,Retrain,user_6,2025-09-14,Cancelled,2025-09-28 03:47:33.267228
CAPA_00008,QE_00008,Material,Repair,user_7,2025-10-11,Completed,2025-10-13 19:52:10.267235
CAPA_00009,QE_00009,Equipment,Process Change,user_8,2025-09-18,Open,
CAPA_00010,QE_00010,Equipment,Process Change,user_9,2025-08-30,Open,
CAPA_00011,QE_00011,Material,Process Change,user_10,2025-09-19,Completed,
CAPA_00012,QE_00012,Process,Supplier Audit,user_11,2025-09-28,In Progress,2025-10-05 10:00:35.267243
CAPA_00013,QE_00013,Process,Revise SOP,user_0,2025-08-19,Completed,2025-09-17 13:52:19.267249
CAPA_00014,QE_00014,Human Error,Repair,user_1,2025-09-29,Completed,2025-10-10 19:26:30.267255
CAPA_00015,QE_00015,Material,Revise SOP,user_2,2025-08-17,Completed,2025-09-25 02:57:19.267261
CAPA_00016,QE_00016,Process,Supplier Audit,user_3,2025-10-14,Cancelled,2025-10-05 17:33:39.267267
CAPA_00017,QE_00017,Method,Revise SOP,user_4,2025-09-10,Cancelled,2025-09-24 04:15:09.267273
CAPA_00018,QE_00018,Process,Supplier Audit,user_5,2025-08-18,In Progress,2025-09-18 08:20:25.267279
CAPA_00019,QE_00019,Material,Process Change,user_6,2025-09-08,Open,
CAPA_00020,QE_00020,Method,Process Change,user_7,2025-09-21,Completed,2025-09-28 23:24:42.267285
CAPA_00021,QE_00021,Method,Supplier Audit,user_8,2025-08-25,Open,
CAPA_00022,QE_00022,Human Error,Supplier Audit,user_9,2025-09-01,In Progress,2025-09-18 21:20:33.267290
CAPA_00023,QE_00023,Process,Process Change,user_10,2025-09-25,Completed,2025-10-11 11:40:04.267296
CAPA_00024,QE_00024,Material,Repair,user_11,2025-10-05,Open,2025-10-03 04:02:25.267301
CAPA_00025,QE_00025,Human Error,Process Change,user_0,2025-08-24,In Progress,
CAPA_00026,QE_00026,Method,Retrain,user_1,2025-08-17,Open,
CAPA_00027,QE_00027,Method,Revise SOP,user_2,2025-09-21,Open,2025-09-15 21:44:31.267308
CAPA_00028,QE_00028,Equipment,Supplier Audit,user_3,2025-09-21,Open,
CAPA_00029,QE_00029,Human Error,Revise SOP,user_4,2025-09-15,In Progress,
CAPA_00030,QE_00030,Method,Repair,user_5,2025-09-30,Completed,
CAPA_00031,QE_00031,Method,Process Change,user_6,2025-08-22,Completed,
CAPA_00032,QE_00032,Process,Supplier Audit,user_7,2025-10-14,In Progress,2025-10-13 16:37:47.267315
CAPA_00033,QE_00033,Method,Process Change,user_8,2025-08-20,Completed,
CAPA_00034,QE_00034,Human Error,Retrain,user_9,2025-09-28,In Progress,
CAPA_00035,QE_00035,Equipment,Process Change,user_10,2025-08-18,Completed,
CAPA_00036,QE_00036,Equipment,Retrain,user_11,2025-09-18,In Progress,2025-10-15 07:16:07.267321
CAPA_00037,QE_00037,Method,Process Change,user_0,2025-08-30,In Progress,2025-09-25 08:45:44.267327
CAPA_00038,QE_00038,Method,Process Change,user_1,2025-08-23,Completed,2025-10-02 15:32:46.267333
CAPA_00039,QE_00039,Process,Process Change,user_2,2025-10-13,In Progress,
CAPA_00040,QE_00040,Material,Process Change,user_3,2025-08-30,Completed,2025-10-13 19:49:19.267338
CAPA_00041,QE_00041,Method,Revise SOP,user_4,2025-09-20,Completed,
CAPA_00042,QE_00042,Process,Supplier Audit,user_5,2025-09-16,In Progress,2025-09-28 08:10:46.267345
CAPA_00043,QE_00043,Equipment,Revise SOP,user_6,2025-09-23,In Progress,2025-10-04 05:35:50.267350
CAPA_00044,QE_00044,Human Error,Revise SOP,user_7,2025-08-30,Open,
CAPA_00045,QE_00045,Material,Supplier Audit,user_8,2025-09-02,Completed,
CAPA_00046,QE_00046,Material,Retrain,user_9,2025-10-06,Open,2025-10-01 01:23:20.267357
CAPA_00047,QE_00047,Material,Repair,user_10,2025-09-01,In Progress,2025-09-23 21:27:20.267362
CAPA_00048,QE_00048,Human Error,Repair,user_11,2025-08-26,In Progress,2025-09-23 20:01:13.267368
CAPA_00049,QE_00049,Process,Revise SOP,user_0,2025-10-09,Completed,
CAPA_00050,QE_00050,Human Error,Supplier Audit,user_1,2025-08-25,In Progress,2025-09-17 04:41:33.267373
