coa_id,material_id,product_id,rm_lot_id,drug_batch_id,issuer,issue_ts,verdict
COA_00001,MAT_00017,PROD_00015,RMLOT_00182,BATCH_00014,Internal Lab,2025-07-22 09:17:00.268248,Pass
COA_00002,MAT_00036,PROD_00042,RMLOT_00059,BATCH_00043,Internal Lab,2025-09-26 00:42:38.268263,Conditional
COA_00003,MAT_00036,PROD_00043,RMLOT_00004,BATCH_00028,Supplier,2025-08-18 03:51:45.268270,Pass
COA_00004,MAT_00075,PROD_00028,RMLOT_00032,BATCH_00023,Supplier,2025-08-23 05:54:48.268276,Pass
COA_00005,MAT_00056,PROD_00020,RMLOT_00102,BATCH_00041,Internal Lab,2025-08-02 14:13:19.268282,Pass
COA_00006,MAT_00010,PROD_00007,RMLOT_00032,BATCH_00040,Supplier,2025-09-11 17:15:48.268287,Pass
COA_00007,MAT_00043,PROD_00049,RMLOT_00070,BATCH_00033,Supplier,2025-08-31 12:59:16.268293,Pass
COA_00008,MAT_00040,PROD_00025,RMLOT_00071,BATCH_00015,Supplier,2025-07-31 17:16:56.268299,Pass
COA_00009,MAT_00051,PROD_00012,RMLOT_00013,BATCH_00032,Supplier,2025-08-03 10:26:30.268305,Pass
COA_00010,MAT_00013,PROD_00034,RMLOT_00179,BATCH_00005,Internal Lab,2025-07-08 16:07:46.268311,Pass
COA_00011,MAT_00074,PROD_00037,RMLOT_00137,BATCH_00033,Supplier,2025-09-14 12:07:15.268317,Pass
COA_00012,MAT_00049,PROD_00007,RMLOT_00100,BATCH_00032,Internal Lab,2025-06-26 09:29:10.268322,Pass
COA_00013,MAT_00011,PROD_00021,RMLOT_00096,BATCH_00031,Supplier,2025-09-27 18:52:04.268328,Pass
COA_00014,MAT_00006,PROD_00010,RMLOT_00027,BATCH_00034,Internal Lab,2025-07-16 15:05:47.268334,Pass
COA_00015,MAT_00042,PROD_00034,RMLOT_00167,BATCH_00013,Internal Lab,2025-07-23 08:58:02.268339,Pass
COA_00016,MAT_00028,PROD_00004,RMLOT_00036,BATCH_00039,Supplier,2025-08-24 23:32:00.268345,Pass
COA_00017,MAT_00013,,RMLOT_00157,BATCH_00018,Supplier,2025-07-11 03:41:05.268350,Pass
COA_00018,MAT_00008,PROD_00004,RMLOT_00061,BATCH_00032,Internal Lab,2025-08-14 02:59:07.268356,Pass
COA_00019,MAT_00042,PROD_00034,RMLOT_00133,BATCH_00009,Supplier,2025-09-23 10:26:09.268362,Conditional
COA_00020,MAT_00057,PROD_00050,RMLOT_00159,BATCH_00046,Internal Lab,2025-07-30 08:12:40.268368,Pass
COA_00021,MAT_00004,PROD_00012,RMLOT_00022,BATCH_00030,Supplier,2025-07-14 17:57:52.268373,Pass
COA_00022,MAT_00029,PROD_00005,RMLOT_00065,BATCH_00008,Supplier,2025-07-21 23:32:17.268379,Conditional
COA_00023,MAT_00042,PROD_00012,RMLOT_00097,BATCH_00010,Supplier,2025-07-10 15:41:11.268385,Conditional
COA_00024,MAT_00071,PROD_00014,RMLOT_00043,BATCH_00033,Internal Lab,2025-07-30 01:56:20.268390,Pass
COA_00025,MAT_00029,,RMLOT_00165,BATCH_00031,Supplier,2025-07-14 01:10:44.268402,Conditional
COA_00026,MAT_00036,PROD_00008,RMLOT_00092,BATCH_00030,Internal Lab,2025-09-07 12:04:15.268407,Pass
COA_00027,MAT_00064,PROD_00024,RMLOT_00179,BATCH_00005,Supplier,2025-10-03 19:19:13.268412,Conditional
COA_00028,MAT_00058,PROD_00024,RMLOT_00112,BATCH_00035,Supplier,2025-09-28 12:17:31.268418,Pass
COA_00029,MAT_00008,PROD_00017,RMLOT_00076,BATCH_00031,Supplier,2025-07-22 16:38:07.268423,Pass
COA_00030,MAT_00078,PROD_00010,RMLOT_00098,BATCH_00013,Supplier,2025-07-30 08:00:56.268428,Pass
COA_00031,MAT_00044,PROD_00045,RMLOT_00159,BATCH_00026,Supplier,2025-09-20 02:39:55.268433,Pass
COA_00032,MAT_00080,PROD_00048,RMLOT_00076,BATCH_00041,Supplier,2025-08-21 03:09:46.268439,Pass
COA_00033,MAT_00020,PROD_00017,RMLOT_00189,BATCH_00027,Internal Lab,2025-09-15 06:04:02.268444,Pass
COA_00034,MAT_00025,PROD_00014,RMLOT_00125,BATCH_00011,Supplier,2025-09-21 18:46:06.268449,Pass
COA_00035,MAT_00034,PROD_00013,RMLOT_00021,BATCH_00002,Supplier,2025-09-16 05:08:01.268454,Pass
COA_00036,MAT_00029,PROD_00018,RMLOT_00006,BATCH_00049,Supplier,2025-08-18 18:48:57.268459,Fail
COA_00037,MAT_00041,PROD_00044,RMLOT_00118,BATCH_00023,Supplier,2025-07-02 22:36:09.268465,Pass
COA_00038,MAT_00048,PROD_00006,RMLOT_00049,BATCH_00022,Supplier,2025-09-01 13:51:40.268470,Pass
COA_00039,MAT_00036,PROD_00043,RMLOT_00041,,Supplier,2025-08-27 06:04:58.268475,Conditional
COA_00040,MAT_00053,PROD_00050,RMLOT_00144,BATCH_00009,Supplier,2025-09-13 12:24:08.268480,Pass
COA_00041,MAT_00079,PROD_00045,RMLOT_00151,BATCH_00004,Supplier,2025-08-16 23:42:45.268485,Pass
COA_00042,MAT_00076,PROD_00026,RMLOT_00044,BATCH_00003,Supplier,2025-09-20 07:17:21.268490,Pass
COA_00043,MAT_00040,PROD_00048,RMLOT_00137,BATCH_00026,Internal Lab,2025-06-23 07:46:22.268496,Pass
COA_00044,MAT_00080,PROD_00029,RMLOT_00065,BATCH_00014,Internal Lab,2025-06-18 01:58:28.268501,Pass
COA_00045,MAT_00026,PROD_00020,RMLOT_00012,BATCH_00049,Internal Lab,2025-09-16 07:01:28.268506,Pass
COA_00046,MAT_00006,PROD_00049,RMLOT_00043,BATCH_00007,Supplier,2025-06-24 10:53:04.268511,Conditional
COA_00047,MAT_00069,PROD_00013,RMLOT_00104,BATCH_00007,Supplier,2025-06-30 12:05:01.268516,Pass
COA_00048,MAT_00050,PROD_00042,RMLOT_00137,BATCH_00048,Internal Lab,2025-08-23 18:00:53.268521,Pass
COA_00049,MAT_00052,PROD_00017,RMLOT_00027,BATCH_00034,Supplier,2025-07-27 11:02:21.268527,Pass
COA_00050,MAT_00065,PROD_00036,RMLOT_00082,BATCH_00002,Internal Lab,2025-09-25 09:50:49.268532,Pass
COA_00051,MAT_00039,PROD_00029,RMLOT_00008,BATCH_00026,Internal Lab,2025-08-23 09:18:14.268537,Pass
COA_00052,MAT_00054,PROD_00029,RMLOT_00063,BATCH_00007,Internal Lab,2025-06-27 04:29:51.268542,Pass
COA_00053,MAT_00006,PROD_00010,RMLOT_00048,BATCH_00015,Supplier,2025-10-01 17:07:28.268547,Conditional
COA_00054,MAT_00070,PROD_00015,RMLOT_00046,BATCH_00033,Supplier,2025-08-12 07:36:19.268553,Pass
COA_00055,MAT_00045,PROD_00016,RMLOT_00084,BATCH_00026,Internal Lab,2025-06-26 16:34:45.268558,Pass
COA_00056,MAT_00055,PROD_00017,RMLOT_00121,BATCH_00025,Supplier,2025-07-30 05:49:53.268563,Pass
COA_00057,MAT_00051,PROD_00028,RMLOT_00132,BATCH_00015,Supplier,2025-09-09 21:19:31.268568,Pass
COA_00058,MAT_00011,PROD_00016,RMLOT_00038,BATCH_00037,Internal Lab,2025-08-12 20:33:51.268573,Conditional
COA_00059,MAT_00029,PROD_00019,RMLOT_00168,BATCH_00005,Supplier,2025-08-30 06:26:29.268578,Pass
COA_00060,MAT_00009,PROD_00039,RMLOT_00067,BATCH_00045,Supplier,2025-06-21 10:09:11.268584,Pass
COA_00061,MAT_00055,PROD_00007,RMLOT_00176,BATCH_00033,Internal Lab,2025-08-24 01:32:40.268589,Pass
COA_00062,MAT_00010,PROD_00022,RMLOT_00192,BATCH_00016,Internal Lab,2025-06-27 02:02:03.268594,Pass
COA_00063,MAT_00064,PROD_00003,RMLOT_00084,BATCH_00017,Supplier,2025-09-28 09:08:53.268599,Pass
COA_00064,MAT_00025,PROD_00015,RMLOT_00064,BATCH_00037,Supplier,2025-07-08 17:28:28.268604,Pass
COA_00065,MAT_00025,PROD_00040,RMLOT_00107,BATCH_00009,Internal Lab,2025-08-14 16:32:20.268609,Pass
COA_00066,MAT_00072,PROD_00046,RMLOT_00028,BATCH_00001,Internal Lab,2025-08-05 06:39:20.268618,Pass
COA_00067,MAT_00061,PROD_00050,RMLOT_00193,BATCH_00019,Supplier,2025-09-30 04:29:34.268627,Pass
COA_00068,MAT_00077,PROD_00046,RMLOT_00011,BATCH_00002,Supplier,2025-07-19 06:18:19.268637,Fail
COA_00069,MAT_00076,PROD_00042,RMLOT_00043,BATCH_00009,Supplier,2025-10-05 12:00:18.268654,Conditional
COA_00070,MAT_00064,PROD_00020,RMLOT_00108,BATCH_00020,Supplier,2025-07-23 23:39:27.268659,Conditional
COA_00071,MAT_00027,PROD_00022,RMLOT_00156,BATCH_00039,Supplier,2025-10-02 21:37:20.268665,Pass
COA_00072,MAT_00070,PROD_00034,RMLOT_00065,BATCH_00005,Supplier,2025-09-28 12:15:47.268670,Conditional
COA_00073,MAT_00008,PROD_00033,RMLOT_00117,BATCH_00027,Supplier,2025-06-25 17:44:28.268675,Pass
COA_00074,MAT_00008,PROD_00028,RMLOT_00128,BATCH_00035,Internal Lab,2025-07-20 02:33:01.268680,Pass
COA_00075,MAT_00041,PROD_00048,RMLOT_00107,BATCH_00040,Internal Lab,2025-08-18 05:11:04.268685,Pass
COA_00076,MAT_00076,PROD_00049,RMLOT_00124,BATCH_00015,Supplier,2025-08-01 10:35:58.268690,Pass
COA_00077,MAT_00035,PROD_00028,RMLOT_00117,BATCH_00038,Internal Lab,2025-08-23 08:23:19.268695,Conditional
COA_00078,MAT_00062,PROD_00023,RMLOT_00150,BATCH_00010,Supplier,2025-07-11 14:47:27.268701,Pass
COA_00079,MAT_00053,PROD_00006,RMLOT_00022,BATCH_00005,Internal Lab,2025-08-19 23:00:36.268706,Pass
COA_00080,MAT_00050,PROD_00026,RMLOT_00039,BATCH_00018,Supplier,2025-07-17 07:03:11.268711,Pass
COA_00081,MAT_00015,PROD_00006,RMLOT_00064,BATCH_00043,Supplier,2025-06-22 07:14:16.268716,Pass
COA_00082,MAT_00044,PROD_00036,RMLOT_00008,BATCH_00024,Supplier,2025-06-19 20:57:11.268721,Pass
COA_00083,MAT_00017,PROD_00024,RMLOT_00037,BATCH_00046,Internal Lab,2025-07-18 11:14:20.268726,Pass
COA_00084,MAT_00042,PROD_00035,RMLOT_00171,BATCH_00050,Supplier,2025-09-22 11:15:56.268732,Pass
COA_00085,MAT_00033,PROD_00033,RMLOT_00041,BATCH_00034,Internal Lab,2025-09-17 12:04:26.268737,Pass
COA_00086,MAT_00076,PROD_00022,RMLOT_00180,BATCH_00032,Supplier,2025-07-27 13:22:08.268742,Pass
COA_00087,MAT_00080,PROD_00008,RMLOT_00047,BATCH_00048,Internal Lab,2025-09-09 09:40:09.268748,Pass
COA_00088,MAT_00030,PROD_00010,RMLOT_00172,BATCH_00038,Internal Lab,2025-08-14 13:01:05.268753,Pass
COA_00089,MAT_00047,PROD_00006,RMLOT_00088,BATCH_00026,Supplier,2025-09-17 02:08:12.268758,Pass
COA_00090,MAT_00064,PROD_00007,RMLOT_00198,BATCH_00003,Supplier,2025-06-25 05:58:16.268763,Pass
COA_00091,MAT_00058,PROD_00015,RMLOT_00047,BATCH_00032,Internal Lab,2025-09-05 06:59:43.268768,Pass
COA_00092,MAT_00076,PROD_00009,RMLOT_00013,BATCH_00017,Internal Lab,2025-06-29 11:15:38.268773,Pass
COA_00093,,PROD_00014,RMLOT_00040,BATCH_00027,Internal Lab,2025-10-04 14:57:42.268778,Pass
COA_00094,MAT_00029,PROD_00012,RMLOT_00057,BATCH_00006,Supplier,2025-07-10 10:11:14.268784,Pass
COA_00095,MAT_00069,PROD_00002,RMLOT_00053,BATCH_00019,Supplier,2025-07-11 04:00:01.268789,Pass
COA_00096,MAT_00035,PROD_00050,RMLOT_00189,BATCH_00035,Supplier,2025-08-25 21:20:41.268794,Pass
COA_00097,MAT_00068,PROD_00020,RMLOT_00030,BATCH_00031,Supplier,2025-09-07 18:40:15.268799,Pass
COA_00098,MAT_00013,PROD_00042,RMLOT_00032,BATCH_00030,Supplier,2025-09-10 08:56:16.268804,Fail
COA_00099,MAT_00058,PROD_00017,RMLOT_00189,BATCH_00032,Internal Lab,2025-07-13 20:59:23.268809,Pass
COA_00100,MAT_00004,PROD_00040,RMLOT_00155,BATCH_00023,Internal Lab,2025-06-27 21:11:21.268814,Pass
