hu_id,line_no,product_id,drug_batch_id,serial_id,qty,uom
HU_00028,1,PROD_00014,BATCH_00048,SER_00162,66.0,box
HU_00001,2,PROD_00016,BATCH_00017,SER_00026,4.0,box
HU_00054,3,PROD_00022,BATCH_00017,SER_00003,436.0,case
HU_00027,4,PROD_00029,BATCH_00006,SER_00069,5.0,box
HU_00052,5,PROD_00012,BATCH_00037,SER_00108,154.0,box
HU_00052,1,PROD_00048,BATCH_00014,SER_00008,200.0,ea
HU_00011,2,PROD_00044,BATCH_00043,SER_00001,467.0,box
HU_00043,3,PROD_00038,BATCH_00007,SER_00036,486.0,ea
HU_00044,4,PROD_00001,BATCH_00022,SER_00193,474.0,ea
HU_00043,5,PROD_00016,BATCH_00008,SER_00198,403.0,box
HU_00051,1,PROD_00032,BATCH_00007,SER_00081,363.0,ea
HU_00017,2,PROD_00035,BATCH_00035,SER_00079,496.0,box
HU_00022,3,PROD_00004,BATCH_00029,SER_00138,189.0,case
HU_00035,4,PROD_00020,BATCH_00031,SER_00144,44.0,ea
HU_00032,5,PROD_00023,BATCH_00035,SER_00100,195.0,case
HU_00007,1,PROD_00033,BATCH_00030,SER_00147,5.0,ea
HU_00007,2,PROD_00021,BATCH_00007,SER_00005,173.0,case
HU_00024,3,PROD_00023,BATCH_00016,SER_00080,207.0,ea
HU_00007,4,PROD_00027,BATCH_00002,SER_00141,153.0,box
HU_00046,5,PROD_00039,BATCH_00006,SER_00110,300.0,ea
HU_00042,1,PROD_00007,BATCH_00050,SER_00164,248.0,ea
HU_00010,2,PROD_00013,BATCH_00012,SER_00016,319.0,case
HU_00001,3,PROD_00019,BATCH_00003,SER_00195,193.0,box
HU_00055,4,PROD_00003,BATCH_00010,SER_00035,417.0,case
HU_00042,5,PROD_00017,BATCH_00049,SER_00177,209.0,case
HU_00002,1,PROD_00020,BATCH_00009,SER_00162,18.0,ea
HU_00014,2,PROD_00026,BATCH_00024,SER_00031,105.0,box
HU_00036,3,PROD_00004,BATCH_00034,SER_00133,265.0,ea
HU_00060,4,PROD_00044,BATCH_00021,SER_00009,337.0,ea
HU_00024,5,PROD_00006,BATCH_00021,SER_00157,317.0,case
HU_00047,1,PROD_00046,BATCH_00039,SER_00009,224.0,ea
HU_00018,2,PROD_00046,BATCH_00036,SER_00165,440.0,box
HU_00056,3,PROD_00023,BATCH_00041,SER_00122,124.0,ea
HU_00007,4,PROD_00042,BATCH_00046,SER_00127,206.0,box
HU_00026,5,PROD_00039,BATCH_00034,SER_00094,118.0,case
HU_00026,1,PROD_00040,BATCH_00050,SER_00041,385.0,ea
HU_00019,2,PROD_00044,BATCH_00049,SER_00184,329.0,ea
HU_00009,3,PROD_00041,BATCH_00013,SER_00109,212.0,box
HU_00028,4,PROD_00020,BATCH_00037,SER_00032,135.0,box
HU_00026,5,PROD_00009,BATCH_00037,SER_00077,353.0,ea
HU_00033,1,PROD_00020,BATCH_00048,SER_00171,476.0,case
HU_00048,2,PROD_00038,BATCH_00001,SER_00090,439.0,ea
HU_00035,3,PROD_00047,BATCH_00024,SER_00047,142.0,ea
HU_00057,4,PROD_00050,BATCH_00038,SER_00065,67.0,box
HU_00018,5,PROD_00009,BATCH_00027,SER_00050,8.0,case
HU_00042,1,PROD_00030,BATCH_00038,SER_00051,170.0,case
HU_00017,2,PROD_00018,BATCH_00002,SER_00111,453.0,ea
HU_00028,3,PROD_00033,BATCH_00024,SER_00050,460.0,case
HU_00046,4,PROD_00044,BATCH_00011,SER_00171,441.0,box
HU_00041,5,PROD_00038,BATCH_00022,SER_00004,81.0,box
HU_00035,1,PROD_00046,BATCH_00033,SER_00043,159.0,case
HU_00045,2,PROD_00032,BATCH_00002,SER_00199,54.0,ea
HU_00040,3,PROD_00003,BATCH_00009,SER_00089,463.0,case
HU_00053,4,PROD_00038,BATCH_00041,SER_00095,349.0,ea
HU_00045,5,PROD_00048,BATCH_00039,SER_00051,286.0,case
HU_00053,1,PROD_00032,BATCH_00010,SER_00047,336.0,case
HU_00032,2,PROD_00020,BATCH_00018,SER_00053,55.0,box
HU_00043,3,PROD_00017,BATCH_00049,SER_00108,41.0,case
HU_00031,4,PROD_00009,BATCH_00023,SER_00163,340.0,box
HU_00055,5,PROD_00022,BATCH_00024,SER_00158,67.0,case
HU_00032,1,PROD_00047,BATCH_00004,SER_00140,135.0,box
HU_00014,2,PROD_00023,BATCH_00022,SER_00069,221.0,case
HU_00006,3,PROD_00010,BATCH_00041,SER_00016,341.0,box
HU_00022,4,PROD_00019,BATCH_00006,SER_00130,349.0,ea
HU_00038,5,PROD_00018,BATCH_00026,SER_00044,121.0,case
HU_00045,1,PROD_00036,BATCH_00008,SER_00175,433.0,ea
HU_00045,2,PROD_00014,BATCH_00041,SER_00098,227.0,case
HU_00035,3,PROD_00039,BATCH_00013,SER_00108,203.0,ea
HU_00025,4,PROD_00007,BATCH_00034,SER_00180,120.0,ea
HU_00023,5,PROD_00004,BATCH_00016,SER_00012,166.0,box
HU_00019,1,PROD_00023,BATCH_00023,SER_00165,262.0,box
HU_00046,2,PROD_00031,BATCH_00027,SER_00174,107.0,box
HU_00044,3,PROD_00018,BATCH_00010,SER_00035,311.0,ea
HU_00040,4,PROD_00027,BATCH_00036,SER_00016,216.0,ea
HU_00036,5,PROD_00017,BATCH_00002,SER_00092,338.0,case
HU_00003,1,PROD_00036,BATCH_00021,SER_00154,489.0,ea
HU_00032,2,PROD_00013,BATCH_00001,SER_00171,428.0,box
HU_00028,3,PROD_00017,BATCH_00016,SER_00053,313.0,case
HU_00047,4,PROD_00025,BATCH_00019,SER_00122,492.0,box
HU_00003,5,PROD_00043,BATCH_00036,SER_00175,54.0,box
HU_00053,1,PROD_00010,BATCH_00049,SER_00106,44.0,ea
HU_00035,2,PROD_00046,BATCH_00009,SER_00198,339.0,ea
HU_00048,3,PROD_00045,BATCH_00029,SER_00087,296.0,case
HU_00045,4,PROD_00022,BATCH_00021,SER_00058,128.0,box
HU_00036,5,PROD_00007,BATCH_00023,SER_00111,464.0,box
HU_00022,1,PROD_00003,BATCH_00002,SER_00142,117.0,box
HU_00019,2,PROD_00008,BATCH_00025,SER_00191,351.0,case
HU_00022,3,PROD_00032,BATCH_00021,SER_00197,303.0,ea
HU_00028,4,PROD_00035,BATCH_00038,SER_00128,41.0,case
HU_00024,5,PROD_00045,BATCH_00045,SER_00197,375.0,case
HU_00021,1,PROD_00028,BATCH_00044,SER_00182,360.0,box
HU_00022,2,PROD_00009,BATCH_00050,SER_00019,112.0,ea
HU_00020,3,PROD_00011,BATCH_00016,SER_00118,101.0,case
HU_00005,4,PROD_00004,BATCH_00030,SER_00195,246.0,box
HU_00036,5,PROD_00032,BATCH_00021,SER_00162,159.0,box
HU_00007,1,PROD_00020,BATCH_00040,SER_00119,323.0,ea
HU_00045,2,PROD_00023,BATCH_00018,SER_00059,12.0,ea
HU_00032,3,PROD_00029,BATCH_00031,SER_00147,41.0,ea
HU_00055,4,PROD_00017,BATCH_00043,SER_00111,43.0,ea
HU_00027,5,PROD_00001,BATCH_00013,SER_00024,138.0,ea
HU_00015,1,PROD_00011,BATCH_00021,SER_00182,288.0,case
HU_00017,2,PROD_00007,BATCH_00026,SER_00041,492.0,case
HU_00035,3,PROD_00038,BATCH_00013,SER_00025,68.0,case
HU_00016,4,PROD_00016,BATCH_00042,SER_00200,383.0,box
HU_00026,5,PROD_00004,BATCH_00048,SER_00148,63.0,ea
HU_00002,1,PROD_00028,BATCH_00020,SER_00194,396.0,case
HU_00030,2,PROD_00046,BATCH_00024,SER_00178,84.0,case
HU_00042,3,PROD_00041,BATCH_00021,SER_00136,55.0,box
HU_00015,4,PROD_00037,BATCH_00038,SER_00041,37.0,case
HU_00006,5,PROD_00037,BATCH_00027,SER_00105,291.0,ea
HU_00049,1,PROD_00019,BATCH_00012,SER_00114,195.0,case
HU_00018,2,PROD_00046,BATCH_00021,SER_00089,119.0,box
HU_00058,3,PROD_00017,BATCH_00050,SER_00195,395.0,ea
HU_00057,4,PROD_00012,BATCH_00028,SER_00161,205.0,box
HU_00006,5,PROD_00007,BATCH_00040,SER_00148,177.0,ea
HU_00042,1,PROD_00045,BATCH_00020,SER_00187,292.0,box
HU_00007,2,PROD_00041,BATCH_00021,SER_00083,435.0,box
HU_00036,3,PROD_00007,BATCH_00015,SER_00173,106.0,ea
HU_00048,4,PROD_00007,BATCH_00043,SER_00092,348.0,ea
HU_00014,5,PROD_00037,BATCH_00040,SER_00064,253.0,case
