material_id,name,spec_version,is_api
MAT_00001,Material-1,v5,True
MAT_00002,Material-2,v3,False
MAT_00003,Material-3,v5,False
MAT_00004,Material-4,v1,False
MAT_00005,Material-5,v4,False
MAT_00006,Material-6,v4,False
MAT_00007,Material-7,v1,False
MAT_00008,Material-8,v5,True
MAT_00009,Material-9,v1,False
MAT_00010,Material-10,v2,False
MAT_00011,Material-11,v5,False
MAT_00012,Material-12,v3,False
MAT_00013,Material-13,v2,False
MAT_00014,Material-14,v2,False
MAT_00015,Material-15,v4,True
MAT_00016,Material-16,v5,False
MAT_00017,Material-17,v1,False
MAT_00018,Material-18,v4,False
MAT_00019,Material-19,v5,False
MAT_00020,Material-20,v1,False
MAT_00021,Material-21,v5,False
MAT_00022,Material-22,v2,True
MAT_00023,Material-23,v3,False
MAT_00024,Material-24,v4,False
MAT_00025,Material-25,v4,False
MAT_00026,Material-26,v5,False
MAT_00027,Material-27,v1,False
MAT_00028,Material-28,v4,False
MAT_00029,Material-29,v4,True
MAT_00030,Material-30,v3,False
MAT_00031,Material-31,v4,False
MAT_00032,Material-32,v2,False
MAT_00033,Material-33,v2,False
MAT_00034,Material-34,v1,False
MAT_00035,Material-35,v5,False
MAT_00036,Material-36,v3,True
MAT_00037,Material-37,v3,False
MAT_00038,Material-38,v4,False
MAT_00039,Material-39,v4,False
MAT_00040,Material-40,v2,False
MAT_00041,Material-41,v3,False
MAT_00042,Material-42,v1,False
MAT_00043,Material-43,v1,True
MAT_00044,Material-44,v1,False
MAT_00045,Material-45,v5,False
MAT_00046,Material-46,v2,False
MAT_00047,Material-47,v3,False
MAT_00048,Material-48,v4,False
MAT_00049,Material-49,v5,False
MAT_00050,Material-50,v1,True
MAT_00051,Material-51,v3,False
MAT_00052,Material-52,v2,False
MAT_00053,Material-53,v4,False
MAT_00054,Material-54,v2,False
MAT_00055,Material-55,v1,False
MAT_00056,Material-56,v2,False
MAT_00057,Material-57,v4,True
MAT_00058,Material-58,v4,False
MAT_00059,Material-59,v4,False
MAT_00060,Material-60,v3,False
MAT_00061,Material-61,v5,False
MAT_00062,Material-62,v3,False
MAT_00063,Material-63,v1,False
MAT_00064,Material-64,v3,True
MAT_00065,Material-65,v5,False
MAT_00066,Material-66,v2,False
MAT_00067,Material-67,v1,False
MAT_00068,Material-68,v3,False
MAT_00069,Material-69,v1,False
MAT_00070,Material-70,v3,False
MAT_00071,Material-71,v3,True
MAT_00072,Material-72,v5,False
MAT_00073,Material-73,v4,False
MAT_00074,Material-74,v2,False
MAT_00075,Material-75,v5,False
MAT_00076,Material-76,v5,False
MAT_00077,Material-77,v2,False
MAT_00078,Material-78,v2,True
MAT_00079,Material-79,v2,False
MAT_00080,Material-80,v5,False
