serial_id,drug_batch_id,product_id,pack_level,sscc,status
SER_00001,BATCH_00009,PROD_00024,carton,,active
SER_00002,BATCH_00029,PROD_00011,carton,747459241596102535,active
SER_00003,BATCH_00033,PROD_00027,unit,824394368863162881,active
SER_00004,BATCH_00020,PROD_00002,carton,288061116537056209,active
SER_00005,BATCH_00023,PROD_00016,unit,,active
SER_00006,BATCH_00041,PROD_00027,unit,,active
SER_00007,BATCH_00013,PROD_00049,unit,,active
SER_00008,BATCH_00005,PROD_00007,unit,,decommissioned
SER_00009,BATCH_00006,PROD_00049,carton,335159415629300376,active
SER_00010,BATCH_00016,PROD_00002,unit,674814853953785386,active
SER_00011,BATCH_00040,PROD_00034,unit,748807016748434296,active
SER_00012,BATCH_00032,PROD_00035,unit,,decommissioned
SER_00013,BATCH_00041,PROD_00007,carton,,decommissioned
SER_00014,BATCH_00014,PROD_00010,carton,,active
SER_00015,BATCH_00025,PROD_00004,carton,,active
SER_00016,BATCH_00011,PROD_00008,carton,,active
SER_00017,BATCH_00013,PROD_00010,unit,543731296338996769,active
SER_00018,BATCH_00041,PROD_00010,case,877883031725515366,decommissioned
SER_00019,BATCH_00029,PROD_00043,case,,active
SER_00020,BATCH_00014,PROD_00025,unit,724821854845999473,active
SER_00021,BATCH_00019,PROD_00014,unit,200696351858019792,active
SER_00022,BATCH_00007,PROD_00049,carton,,decommissioned
SER_00023,BATCH_00014,PROD_00045,unit,808767910598294498,active
SER_00024,BATCH_00026,PROD_00024,carton,,active
SER_00025,BATCH_00021,PROD_00025,unit,,active
SER_00026,BATCH_00002,PROD_00020,unit,293104832280330983,active
SER_00027,BATCH_00032,PROD_00022,unit,,active
SER_00028,BATCH_00013,PROD_00032,unit,,active
SER_00029,BATCH_00049,PROD_00027,unit,,active
SER_00030,BATCH_00041,PROD_00048,unit,351288233737980364,active
SER_00031,BATCH_00019,PROD_00047,unit,,active
SER_00032,BATCH_00008,PROD_00014,carton,546676155130395359,active
SER_00033,BATCH_00010,PROD_00002,carton,,decommissioned
SER_00034,BATCH_00001,PROD_00009,unit,,active
SER_00035,BATCH_00008,PROD_00045,carton,781445733114397571,active
SER_00036,BATCH_00044,PROD_00037,case,494856620003790135,active
SER_00037,BATCH_00008,PROD_00006,unit,,active
SER_00038,BATCH_00009,PROD_00046,unit,,active
SER_00039,BATCH_00017,PROD_00038,unit,315206154715813506,returned
SER_00040,BATCH_00049,PROD_00004,carton,,active
SER_00041,BATCH_00047,PROD_00012,unit,,decommissioned
SER_00042,BATCH_00003,PROD_00031,carton,237941976209044717,active
SER_00043,BATCH_00043,PROD_00020,unit,,decommissioned
SER_00044,BATCH_00020,PROD_00001,unit,899318532225841042,active
SER_00045,BATCH_00046,PROD_00020,case,,active
SER_00046,BATCH_00007,PROD_00010,carton,,active
SER_00047,BATCH_00005,PROD_00012,carton,,active
SER_00048,BATCH_00028,PROD_00047,unit,313883156826218453,active
SER_00049,BATCH_00035,PROD_00041,unit,,decommissioned
SER_00050,BATCH_00045,PROD_00028,carton,,decommissioned
SER_00051,BATCH_00017,PROD_00005,unit,,active
SER_00052,BATCH_00008,PROD_00025,unit,,active
SER_00053,BATCH_00010,PROD_00021,carton,763101891247186873,active
SER_00054,BATCH_00028,PROD_00032,unit,,active
SER_00055,BATCH_00020,PROD_00023,carton,451936115363101817,active
SER_00056,BATCH_00024,PROD_00015,unit,949779437412805404,active
SER_00057,BATCH_00012,PROD_00029,carton,,active
SER_00058,BATCH_00029,PROD_00028,carton,,active
SER_00059,BATCH_00019,PROD_00023,unit,139908941585738943,active
SER_00060,BATCH_00013,PROD_00022,carton,400511097059922236,decommissioned
SER_00061,BATCH_00020,PROD_00020,unit,,active
SER_00062,BATCH_00031,PROD_00040,unit,272072028032290488,active
SER_00063,BATCH_00007,PROD_00045,unit,284307306120695999,active
SER_00064,BATCH_00006,PROD_00028,unit,678164768416457901,active
SER_00065,BATCH_00026,PROD_00012,unit,,active
SER_00066,BATCH_00022,PROD_00009,carton,,active
SER_00067,BATCH_00006,PROD_00023,unit,116481408926589505,active
SER_00068,BATCH_00038,PROD_00049,unit,,active
SER_00069,BATCH_00043,PROD_00023,carton,241537073621749346,active
SER_00070,BATCH_00037,PROD_00018,case,,active
SER_00071,BATCH_00021,PROD_00021,unit,,active
SER_00072,BATCH_00002,PROD_00049,unit,,active
SER_00073,BATCH_00036,PROD_00037,unit,290744066862091993,active
SER_00074,BATCH_00045,PROD_00042,unit,115786159104812289,active
SER_00075,BATCH_00031,PROD_00028,unit,,active
SER_00076,BATCH_00013,PROD_00042,carton,,active
SER_00077,BATCH_00028,PROD_00038,unit,162525108929740396,active
SER_00078,BATCH_00049,PROD_00015,unit,,active
SER_00079,BATCH_00002,PROD_00032,unit,411868181213249505,decommissioned
SER_00080,BATCH_00028,PROD_00040,carton,,active
SER_00081,BATCH_00017,PROD_00016,carton,362245939020446914,active
SER_00082,BATCH_00004,PROD_00027,carton,281570267093294026,active
SER_00083,BATCH_00013,PROD_00045,carton,606452414883449723,active
SER_00084,BATCH_00008,PROD_00021,carton,,active
SER_00085,BATCH_00049,PROD_00035,unit,,active
SER_00086,BATCH_00035,PROD_00020,unit,551783120938857721,active
SER_00087,BATCH_00029,PROD_00033,unit,,decommissioned
SER_00088,BATCH_00008,PROD_00028,unit,,active
SER_00089,BATCH_00021,PROD_00012,unit,,active
SER_00090,BATCH_00011,PROD_00002,unit,,active
SER_00091,BATCH_00012,PROD_00015,carton,,active
SER_00092,BATCH_00001,PROD_00019,unit,,returned
SER_00093,BATCH_00011,PROD_00005,unit,592806857380578651,active
SER_00094,BATCH_00011,PROD_00018,unit,767093217490800894,active
SER_00095,BATCH_00025,PROD_00027,carton,,active
SER_00096,BATCH_00028,PROD_00042,unit,,active
SER_00097,BATCH_00032,PROD_00050,unit,108455920898718795,active
SER_00098,BATCH_00036,PROD_00037,carton,492353571325536963,active
SER_00099,BATCH_00034,PROD_00016,unit,269521332731475878,active
SER_00100,BATCH_00033,PROD_00002,unit,,active
SER_00101,BATCH_00014,PROD_00040,case,,active
SER_00102,BATCH_00003,PROD_00030,unit,,decommissioned
SER_00103,BATCH_00033,PROD_00001,unit,,active
SER_00104,BATCH_00018,PROD_00029,unit,941745715984247706,decommissioned
SER_00105,BATCH_00023,PROD_00007,unit,322484013854996725,active
SER_00106,BATCH_00026,PROD_00023,unit,538897666137104192,active
SER_00107,BATCH_00006,PROD_00017,carton,703883460262320018,decommissioned
SER_00108,BATCH_00048,PROD_00050,carton,,active
SER_00109,BATCH_00034,PROD_00003,unit,827684757982796987,active
SER_00110,BATCH_00016,PROD_00030,case,107508622570575879,active
SER_00111,BATCH_00016,PROD_00001,unit,,decommissioned
SER_00112,BATCH_00023,PROD_00013,carton,,active
SER_00113,BATCH_00040,PROD_00042,carton,,decommissioned
SER_00114,BATCH_00038,PROD_00032,carton,,decommissioned
SER_00115,BATCH_00017,PROD_00046,carton,,decommissioned
SER_00116,BATCH_00030,PROD_00032,unit,,active
SER_00117,BATCH_00006,PROD_00045,unit,136271727184374409,active
SER_00118,BATCH_00038,PROD_00039,unit,,active
SER_00119,BATCH_00018,PROD_00004,unit,,decommissioned
SER_00120,BATCH_00014,PROD_00021,carton,556212088761626857,decommissioned
SER_00121,BATCH_00022,PROD_00017,unit,,active
SER_00122,BATCH_00003,PROD_00022,unit,944766223177449940,active
SER_00123,BATCH_00014,PROD_00005,unit,770464704436588665,active
SER_00124,BATCH_00015,PROD_00027,unit,,active
SER_00125,BATCH_00008,PROD_00043,carton,187030294243043728,active
SER_00126,BATCH_00028,PROD_00045,unit,236378437079216409,returned
SER_00127,BATCH_00004,PROD_00002,unit,338268234564090651,active
SER_00128,BATCH_00048,PROD_00008,carton,,active
SER_00129,BATCH_00026,PROD_00027,carton,321587484209739066,active
SER_00130,BATCH_00049,PROD_00019,carton,608487965166999700,decommissioned
SER_00131,BATCH_00031,PROD_00043,carton,565695792283918540,active
SER_00132,BATCH_00035,PROD_00050,unit,322236580388029282,active
SER_00133,BATCH_00014,PROD_00019,carton,186588953908330229,active
SER_00134,BATCH_00029,PROD_00014,unit,131870266427399868,decommissioned
SER_00135,BATCH_00033,PROD_00011,unit,,active
SER_00136,BATCH_00018,PROD_00018,unit,806166704245154823,active
SER_00137,BATCH_00039,PROD_00002,unit,334505591888392599,active
SER_00138,BATCH_00039,PROD_00021,unit,,decommissioned
SER_00139,BATCH_00044,PROD_00039,unit,309269100567941506,returned
SER_00140,BATCH_00045,PROD_00003,unit,,active
SER_00141,BATCH_00017,PROD_00050,carton,940494732056679349,active
SER_00142,BATCH_00018,PROD_00021,unit,,active
SER_00143,BATCH_00020,PROD_00029,unit,,active
SER_00144,BATCH_00012,PROD_00022,carton,865988054765717287,decommissioned
SER_00145,BATCH_00004,PROD_00004,unit,,decommissioned
SER_00146,BATCH_00043,PROD_00020,carton,580385728152530247,decommissioned
SER_00147,BATCH_00019,PROD_00050,case,,active
SER_00148,BATCH_00041,PROD_00037,unit,625208376495553506,active
SER_00149,BATCH_00027,PROD_00009,unit,,active
SER_00150,BATCH_00028,PROD_00021,unit,,active
SER_00151,BATCH_00016,PROD_00036,unit,,active
SER_00152,BATCH_00043,PROD_00026,unit,,active
SER_00153,BATCH_00030,PROD_00005,case,,active
SER_00154,BATCH_00047,PROD_00035,carton,609230612207033776,active
SER_00155,BATCH_00032,PROD_00013,unit,,decommissioned
SER_00156,BATCH_00033,PROD_00023,unit,,active
SER_00157,BATCH_00035,PROD_00046,unit,,active
SER_00158,BATCH_00016,PROD_00027,unit,161153790958427392,active
SER_00159,BATCH_00038,PROD_00019,unit,,active
SER_00160,BATCH_00039,PROD_00050,unit,,active
SER_00161,BATCH_00034,PROD_00023,unit,,returned
SER_00162,BATCH_00044,PROD_00013,unit,,active
SER_00163,BATCH_00001,PROD_00007,unit,505825244785687667,decommissioned
SER_00164,BATCH_00003,PROD_00028,case,,decommissioned
SER_00165,BATCH_00004,PROD_00001,unit,,active
SER_00166,BATCH_00034,PROD_00023,unit,,active
SER_00167,BATCH_00002,PROD_00035,unit,494282849936034065,active
SER_00168,BATCH_00022,PROD_00001,unit,,active
SER_00169,BATCH_00013,PROD_00048,carton,876505434308591421,active
SER_00170,BATCH_00042,PROD_00001,unit,,active
SER_00171,BATCH_00049,PROD_00004,unit,,active
SER_00172,BATCH_00034,PROD_00033,unit,125061895809483786,active
SER_00173,BATCH_00027,PROD_00023,carton,,active
SER_00174,BATCH_00025,PROD_00042,carton,,active
SER_00175,BATCH_00025,PROD_00011,unit,,decommissioned
SER_00176,BATCH_00035,PROD_00014,carton,,returned
SER_00177,BATCH_00039,PROD_00040,unit,527169352768812955,returned
SER_00178,BATCH_00009,PROD_00007,unit,,active
SER_00179,BATCH_00028,PROD_00019,unit,,decommissioned
SER_00180,BATCH_00045,PROD_00049,unit,360653816058574311,active
SER_00181,BATCH_00003,PROD_00016,unit,376673826753812584,decommissioned
SER_00182,BATCH_00031,PROD_00001,unit,,active
SER_00183,BATCH_00036,PROD_00020,unit,,active
SER_00184,BATCH_00014,PROD_00023,unit,638331331191786489,active
SER_00185,BATCH_00001,PROD_00017,unit,894841818155404667,active
SER_00186,BATCH_00004,PROD_00005,unit,223958069174778900,active
SER_00187,BATCH_00039,PROD_00032,unit,,active
SER_00188,BATCH_00035,PROD_00037,unit,871315842689180341,active
SER_00189,BATCH_00033,PROD_00035,unit,,active
SER_00190,BATCH_00032,PROD_00021,carton,784425614527582194,active
SER_00191,BATCH_00010,PROD_00012,carton,802371925738174575,active
SER_00192,BATCH_00010,PROD_00036,unit,,active
SER_00193,BATCH_00049,PROD_00007,carton,,active
SER_00194,BATCH_00042,PROD_00034,unit,,active
SER_00195,BATCH_00046,PROD_00007,unit,937562528940193945,active
SER_00196,BATCH_00034,PROD_00029,unit,874805819707956833,returned
SER_00197,BATCH_00047,PROD_00014,unit,,active
SER_00198,BATCH_00022,PROD_00043,unit,761662019785371052,active
SER_00199,BATCH_00020,PROD_00028,unit,,active
SER_00200,BATCH_00019,PROD_00003,unit,,active
