plant_id,gln,name,address
PLANT_00001,1939977062109,Plant-1,"923 Industrial Park, Zone 1"
PLANT_00002,1640751303918,Plant-2,"423 Industrial Park, Zone 19"
PLANT_00003,7014351398346,Plant-3,"113 Industrial Park, Zone 2"
PLANT_00004,1023158631296,Plant-4,"429 Industrial Park, Zone 11"
PLANT_00005,8340735480081,Plant-5,"203 Industrial Park, Zone 17"
PLANT_00006,9016052805415,Plant-6,"361 Industrial Park, Zone 3"
PLANT_00007,8246964079079,Plant-7,"800 Industrial Park, Zone 8"
PLANT_00008,4034718059475,Plant-8,"160 Industrial Park, Zone 18"
PLANT_00009,5220668302156,Plant-9,"528 Industrial Park, Zone 14"
PLANT_00010,7903081285883,Plant-10,"762 Industrial Park, Zone 7"
PLANT_00011,4110062370746,Plant-11,"506 Industrial Park, Zone 9"
PLANT_00012,8919045809413,Plant-12,"914 Industrial Park, Zone 8"
PLANT_00013,3541818161448,Plant-13,"299 Industrial Park, Zone 10"
PLANT_00014,3236099975233,Plant-14,"860 Industrial Park, Zone 6"
PLANT_00015,1334439867144,Plant-15,"928 Industrial Park, Zone 9"
PLANT_00016,1277676732426,Plant-16,"423 Industrial Park, Zone 18"
PLANT_00017,4753663634040,Plant-17,"751 Industrial Park, Zone 1"
PLANT_00018,4897200430111,Plant-18,"800 Industrial Park, Zone 1"
PLANT_00019,5281712962337,Plant-19,"8 Industrial Park, Zone 1"
PLANT_00020,9755532086777,Plant-20,"316 Industrial Park, Zone 4"
PLANT_00021,5918806031681,Plant-21,"251 Industrial Park, Zone 17"
PLANT_00022,3074171847359,Plant-22,"405 Industrial Park, Zone 1"
PLANT_00023,5748511400069,Plant-23,"828 Industrial Park, Zone 9"
PLANT_00024,8311850366815,Plant-24,"503 Industrial Park, Zone 3"
PLANT_00025,1217147792526,Plant-25,"199 Industrial Park, Zone 3"
PLANT_00026,7119055233904,Plant-26,"881 Industrial Park, Zone 18"
PLANT_00027,2668261134062,Plant-27,"590 Industrial Park, Zone 14"
PLANT_00028,3063313745271,Plant-28,"247 Industrial Park, Zone 5"
PLANT_00029,7298690755219,Plant-29,"191 Industrial Park, Zone 16"
PLANT_00030,5399901703161,Plant-30,"149 Industrial Park, Zone 18"
PLANT_00031,7651123532845,Plant-31,"296 Industrial Park, Zone 19"
PLANT_00032,2192044647184,Plant-32,"480 Industrial Park, Zone 15"
PLANT_00033,1751609984475,Plant-33,"529 Industrial Park, Zone 18"
PLANT_00034,6564288013674,Plant-34,"136 Industrial Park, Zone 8"
PLANT_00035,7129459902154,Plant-35,"243 Industrial Park, Zone 4"
PLANT_00036,9436907658731,Plant-36,"369 Industrial Park, Zone 1"
PLANT_00037,3583128016704,Plant-37,"406 Industrial Park, Zone 10"
PLANT_00038,3370793911984,Plant-38,"698 Industrial Park, Zone 14"
PLANT_00039,8122989898791,Plant-39,"953 Industrial Park, Zone 17"
PLANT_00040,9310111438363,Plant-40,"138 Industrial Park, Zone 2"
PLANT_00041,2871603172081,Plant-41,"917 Industrial Park, Zone 17"
PLANT_00042,3990428918401,Plant-42,"656 Industrial Park, Zone 15"
PLANT_00043,2042549587951,Plant-43,"619 Industrial Park, Zone 4"
PLANT_00044,6325008456432,Plant-44,"963 Industrial Park, Zone 6"
PLANT_00045,9377578590288,Plant-45,"846 Industrial Park, Zone 3"
PLANT_00046,5698413139636,Plant-46,"481 Industrial Park, Zone 9"
PLANT_00047,3919644309229,Plant-47,"807 Industrial Park, Zone 12"
PLANT_00048,7326771230938,Plant-48,"727 Industrial Park, Zone 1"
PLANT_00049,6667917822859,Plant-49,"22 Industrial Park, Zone 12"
PLANT_00050,2331667027544,Plant-50,"2 Industrial Park, Zone 15"
