product_id,gtin,brand_name,dosage_form,strength,status
PROD_00001,00752595690692,Drug-1,Injection,250mg,Active
PROD_00002,02307767413238,Drug-2,Ointment,100mg,Active
PROD_00003,06889034010835,Drug-3,Ointment,500mg,Active
PROD_00004,03949031667303,Drug-4,Capsule,10mg,Active
PROD_00005,05894018034873,Drug-5,Capsule,50mg,Active
PROD_00006,01573759220266,Drug-6,Injection,5mg,Discontinued
PROD_00007,04693835761072,Drug-7,Tablet,50mg,Active
PROD_00008,08243463184775,Drug-8,Ointment,5mg,Active
PROD_00009,04723065285431,Drug-9,Injection,50mg,Active
PROD_00010,09872722426886,Drug-10,Ointment,10mg,Active
PROD_00011,05797903175480,Drug-11,Tablet,10mg,Active
PROD_00012,05052009328823,Drug-12,Injection,500mg,Active
PROD_00013,03278154808509,Drug-13,Syrup,500mg,Active
PROD_00014,01340777347273,Drug-14,Injection,100mg,Active
PROD_00015,06385717705254,Drug-15,Ointment,10mg,Discontinued
PROD_00016,03319741839854,Drug-16,Capsule,5mg,Discontinued
PROD_00017,04988384722775,Drug-17,Injection,5mg,Active
PROD_00018,04055279583489,Drug-18,Capsule,10mg,Active
PROD_00019,07422135019920,Drug-19,Capsule,10mg,Active
PROD_00020,05899625933740,Drug-20,Ointment,10mg,Active
PROD_00021,06903510341911,Drug-21,Capsule,500mg,Active
PROD_00022,05763665352071,Drug-22,Tablet,100mg,Active
PROD_00023,05047357849692,Drug-23,Ointment,50mg,Active
PROD_00024,03260493137120,Drug-24,Capsule,5mg,Active
PROD_00025,07237378558308,Drug-25,Ointment,500mg,Active
PROD_00026,04000964909537,Drug-26,Syrup,50mg,Active
PROD_00027,05339858620897,Drug-27,Ointment,50mg,Active
PROD_00028,04483606526875,Drug-28,Capsule,250mg,Active
PROD_00029,00143532469371,Drug-29,Syrup,50mg,Active
PROD_00030,05630642953913,Drug-30,Tablet,100mg,Active
PROD_00031,04249197139921,Drug-31,Capsule,250mg,Active
PROD_00032,08243332187551,Drug-32,Syrup,5mg,Active
PROD_00033,04958556730451,Drug-33,Ointment,10mg,Active
PROD_00034,08889109010039,Drug-34,Tablet,250mg,Discontinued
PROD_00035,08497185628207,Drug-35,Syrup,10mg,Discontinued
PROD_00036,03370120223244,Drug-36,Capsule,250mg,Active
PROD_00037,01500831230059,Drug-37,Ointment,100mg,Active
PROD_00038,03627892856643,Drug-38,Ointment,50mg,Active
PROD_00039,02674633650830,Drug-39,Ointment,250mg,Active
PROD_00040,02733701255444,Drug-40,Injection,10mg,Active
PROD_00041,01331242256380,Drug-41,Capsule,5mg,Active
PROD_00042,08311422022459,Drug-42,Syrup,50mg,Discontinued
PROD_00043,08949204821808,Drug-43,Syrup,250mg,Active
PROD_00044,09915178592043,Drug-44,Injection,5mg,Active
PROD_00045,07671428468278,Drug-45,Ointment,5mg,Active
PROD_00046,04964288843165,Drug-46,Tablet,250mg,Active
PROD_00047,08300164133324,Drug-47,Syrup,10mg,Active
PROD_00048,02915419054453,Drug-48,Tablet,5mg,Active
PROD_00049,00191909669851,Drug-49,Capsule,50mg,Active
PROD_00050,02780999585489,Drug-50,Tablet,5mg,Active
