po_id,supplier_id,order_date,status
PO_00001,SUP_00006,2024-12-19,Cancelled
PO_00002,SUP_00048,2025-03-08,Closed
PO_00003,SUP_00038,2024-11-21,Closed
PO_00004,SUP_00036,2025-01-16,Closed
PO_00005,SUP_00001,2024-12-02,Closed
PO_00006,SUP_00044,2025-02-15,Open
PO_00007,SUP_00013,2024-12-03,Open
PO_00008,SUP_00004,2025-01-03,Closed
PO_00009,SUP_00030,2024-12-06,Closed
PO_00010,SUP_00023,2024-12-17,Closed
PO_00011,SUP_00046,2025-02-28,Closed
PO_00012,SUP_00013,2025-03-05,Closed
PO_00013,SUP_00015,2025-01-29,Closed
PO_00014,SUP_00026,2025-02-08,Closed
PO_00015,SUP_00001,2024-10-19,Closed
PO_00016,SUP_00040,2024-10-31,Cancelled
PO_00017,SUP_00011,2025-01-15,Cancelled
PO_00018,SUP_00046,2025-02-14,Closed
PO_00019,SUP_00009,2025-02-24,Closed
PO_00020,SUP_00004,2024-12-12,Open
PO_00021,SUP_00019,2024-11-11,Open
PO_00022,SUP_00045,2024-11-06,Cancelled
PO_00023,SUP_00005,2024-12-01,Open
PO_00024,SUP_00030,2024-12-24,Open
PO_00025,SUP_00048,2024-11-19,Closed
PO_00026,SUP_00042,2024-10-18,Open
PO_00027,SUP_00002,2025-03-23,Closed
PO_00028,SUP_00001,2024-11-23,Open
PO_00029,SUP_00012,2025-02-14,Closed
PO_00030,SUP_00019,2024-12-18,Closed
PO_00031,SUP_00002,2024-10-20,Open
PO_00032,SUP_00030,2025-01-25,Open
PO_00033,SUP_00006,2025-01-25,Open
PO_00034,SUP_00007,2024-10-27,Closed
PO_00035,SUP_00015,2025-02-06,Cancelled
PO_00036,SUP_00015,2025-02-17,Closed
PO_00037,SUP_00050,2024-12-31,Closed
PO_00038,SUP_00034,2024-12-27,Open
PO_00039,SUP_00012,2025-02-22,Open
PO_00040,SUP_00044,2024-10-31,Closed
PO_00041,SUP_00019,2025-01-28,Closed
PO_00042,SUP_00012,2024-11-21,Closed
PO_00043,SUP_00048,2025-02-03,Closed
PO_00044,SUP_00017,2024-11-04,Cancelled
PO_00045,SUP_00007,2025-01-25,Closed
PO_00046,SUP_00018,2024-12-04,Closed
PO_00047,SUP_00008,2024-11-09,Open
PO_00048,SUP_00046,2024-11-06,Closed
PO_00049,SUP_00009,2024-11-06,Open
PO_00050,SUP_00015,2025-01-06,Open
