quality_event_id,scope,product_id,material_id,drug_batch_id,rm_lot_id,serial_id,event_type,detected_ts,severity,status
QE_00001,product,PROD_00042,MAT_00066,BATCH_00008,RMLOT_00188,SER_00037,Complaint,2025-10-13 09:54:25.265668,Low,Closed
QE_00002,product,PROD_00001,MAT_00042,BATCH_00037,RMLOT_00156,SER_00062,ChangeControl,2025-07-20 01:53:34.265682,Low,Under Review
QE_00003,material,PROD_00046,MAT_00080,BATCH_00007,RMLOT_00064,SER_00187,ChangeControl,2025-09-24 20:50:56.265688,Low,Open
QE_00004,batch,PROD_00004,MAT_00072,BATCH_00005,RMLOT_00125,SER_00194,Deviation,2025-07-03 21:44:14.265693,Low,Closed
QE_00005,material,PROD_00003,MAT_00008,BATCH_00044,RMLOT_00142,SER_00013,ChangeControl,2025-08-06 21:00:28.265698,Low,Under Review
QE_00006,serial,PROD_00020,MAT_00047,BATCH_00020,RMLOT_00088,SER_00056,ChangeControl,2025-07-08 22:54:51.265704,Medium,Open
QE_00007,batch,PROD_00011,MAT_00068,BATCH_00001,RMLOT_00038,SER_00105,ChangeControl,2025-06-29 00:56:10.265709,High,Open
QE_00008,serial,PROD_00011,MAT_00012,BATCH_00037,RMLOT_00052,SER_00055,Deviation,2025-07-29 20:11:27.265715,Low,Open
QE_00009,serial,PROD_00026,MAT_00009,BATCH_00044,RMLOT_00180,SER_00174,Deviation,2025-09-25 22:32:08.265720,Low,Closed
QE_00010,serial,PROD_00044,MAT_00056,BATCH_00034,RMLOT_00148,SER_00164,Deviation,2025-09-11 23:25:20.265725,High,Closed
QE_00011,serial,PROD_00020,MAT_00020,BATCH_00001,RMLOT_00174,SER_00093,Deviation,2025-08-26 18:40:24.265731,High,Open
QE_00012,batch,PROD_00004,MAT_00061,BATCH_00033,RMLOT_00177,SER_00047,Deviation,2025-07-21 12:21:28.265736,Low,Closed
QE_00013,batch,PROD_00028,MAT_00015,BATCH_00050,RMLOT_00154,SER_00006,Deviation,2025-07-25 23:30:20.265741,Critical,Closed
QE_00014,serial,PROD_00007,MAT_00034,BATCH_00024,RMLOT_00050,SER_00024,Complaint,2025-07-29 22:33:26.265746,Medium,Closed
QE_00015,serial,PROD_00010,MAT_00076,BATCH_00004,RMLOT_00002,SER_00181,Deviation,2025-08-24 23:03:06.265755,Medium,Closed
QE_00016,batch,PROD_00015,MAT_00034,BATCH_00028,RMLOT_00158,SER_00185,Complaint,2025-10-01 13:36:52.265764,High,Under Review
QE_00017,material,PROD_00049,MAT_00023,BATCH_00011,RMLOT_00062,SER_00138,Recall,2025-08-22 02:05:22.265773,Medium,Open
QE_00018,material,PROD_00043,MAT_00046,BATCH_00049,RMLOT_00144,SER_00016,ChangeControl,2025-08-04 11:06:28.265783,Low,Closed
QE_00019,serial,PROD_00026,MAT_00045,BATCH_00045,RMLOT_00174,SER_00029,Deviation,2025-06-28 18:45:28.265798,Medium,Under Review
QE_00020,serial,PROD_00012,MAT_00024,BATCH_00015,RMLOT_00005,SER_00059,Deviation,2025-07-27 06:16:46.265803,Medium,Under Review
QE_00021,material,PROD_00033,MAT_00079,BATCH_00022,RMLOT_00163,SER_00097,Complaint,2025-07-16 11:22:01.265809,Medium,Under Review
QE_00022,product,PROD_00017,MAT_00074,BATCH_00030,RMLOT_00059,SER_00095,Deviation,2025-06-29 22:33:07.265814,Medium,Closed
QE_00023,material,PROD_00008,MAT_00012,BATCH_00026,RMLOT_00046,SER_00112,Recall,2025-09-14 09:01:09.265819,Medium,Closed
QE_00024,material,PROD_00039,MAT_00064,BATCH_00015,RMLOT_00020,SER_00067,Complaint,2025-08-06 20:48:49.265824,Low,Open
QE_00025,batch,PROD_00038,MAT_00012,BATCH_00022,RMLOT_00187,SER_00094,ChangeControl,2025-07-02 00:50:58.265829,Low,Closed
QE_00026,product,PROD_00048,MAT_00071,BATCH_00001,RMLOT_00169,SER_00075,Deviation,2025-10-05 08:09:34.265835,Low,Closed
QE_00027,batch,PROD_00016,MAT_00080,BATCH_00003,RMLOT_00194,SER_00089,ChangeControl,2025-07-31 16:53:18.265840,Medium,Under Review
QE_00028,material,PROD_00031,MAT_00065,BATCH_00003,RMLOT_00150,SER_00198,Deviation,2025-06-20 16:09:46.265845,Low,Open
QE_00029,serial,PROD_00035,MAT_00046,BATCH_00046,RMLOT_00089,SER_00152,ChangeControl,2025-09-23 20:25:08.265850,Medium,Closed
QE_00030,product,PROD_00010,MAT_00079,BATCH_00027,RMLOT_00130,SER_00198,Deviation,2025-09-24 01:15:35.265856,Low,Open
QE_00031,serial,PROD_00050,MAT_00037,BATCH_00041,RMLOT_00179,SER_00159,Deviation,2025-09-02 07:18:59.265861,Medium,Closed
QE_00032,batch,PROD_00004,MAT_00056,BATCH_00027,RMLOT_00111,SER_00028,ChangeControl,2025-10-08 11:51:17.265866,High,Open
QE_00033,product,PROD_00025,MAT_00037,BATCH_00042,RMLOT_00099,SER_00171,OOS,2025-09-30 12:24:59.265872,Low,Open
QE_00034,material,PROD_00043,MAT_00070,BATCH_00005,RMLOT_00121,SER_00020,OOS,2025-07-02 07:58:29.265877,Medium,Closed
QE_00035,material,PROD_00033,MAT_00058,BATCH_00005,RMLOT_00080,SER_00011,Recall,2025-08-28 12:57:19.265882,Low,Under Review
QE_00036,product,,MAT_00007,BATCH_00045,RMLOT_00102,SER_00039,ChangeControl,2025-06-25 00:37:39.265887,Medium,Closed
QE_00037,material,PROD_00024,MAT_00053,BATCH_00035,RMLOT_00173,SER_00112,Deviation,2025-09-13 17:56:31.265893,High,Closed
QE_00038,product,PROD_00043,MAT_00004,BATCH_00003,RMLOT_00053,SER_00120,OOS,2025-07-28 15:11:08.265898,Medium,Closed
QE_00039,batch,PROD_00004,MAT_00063,BATCH_00034,RMLOT_00059,SER_00055,Complaint,2025-09-26 15:35:58.265903,Medium,Open
QE_00040,product,PROD_00033,MAT_00056,BATCH_00045,RMLOT_00018,SER_00183,Deviation,2025-07-19 01:54:40.265909,Medium,Open
QE_00041,batch,PROD_00050,MAT_00046,BATCH_00014,RMLOT_00087,SER_00083,Deviation,2025-08-18 20:09:36.265914,High,Open
QE_00042,serial,PROD_00048,MAT_00051,BATCH_00028,RMLOT_00101,SER_00175,Complaint,2025-09-23 05:33:50.265919,High,Closed
QE_00043,serial,,MAT_00032,BATCH_00002,RMLOT_00142,SER_00045,Recall,2025-09-08 02:01:37.265924,High,Closed
QE_00044,batch,PROD_00019,MAT_00028,BATCH_00027,RMLOT_00161,SER_00087,OOS,2025-08-05 07:12:30.265929,High,Closed
QE_00045,material,PROD_00040,MAT_00033,BATCH_00025,RMLOT_00193,SER_00134,Complaint,2025-07-19 05:10:01.265935,High,Open
QE_00046,material,PROD_00004,MAT_00021,BATCH_00017,RMLOT_00159,SER_00060,Deviation,2025-10-10 18:28:17.265940,Medium,Under Review
QE_00047,serial,PROD_00020,MAT_00012,BATCH_00008,RMLOT_00015,,Complaint,2025-09-01 17:28:47.265945,Low,Under Review
QE_00048,batch,PROD_00044,MAT_00038,BATCH_00042,RMLOT_00068,SER_00015,Deviation,2025-09-08 02:15:23.265950,High,Closed
QE_00049,batch,PROD_00044,MAT_00008,BATCH_00046,RMLOT_00048,SER_00174,OOS,2025-09-05 03:12:12.265955,Medium,Closed
QE_00050,serial,PROD_00025,MAT_00042,BATCH_00042,RMLOT_00009,SER_00017,Complaint,2025-10-10 11:12:11.265960,Medium,Open
