supplier_id,gln,name,country,rating
SUP_00001,2824036932364,Supplier-1,IE,5
SUP_00002,6920319412900,Supplier-2,CN,5
SUP_00003,9066721321669,Supplier-3,US,5
SUP_00004,5280360831635,Supplier-4,IE,3
SUP_00005,7897015633624,Supplier-5,CA,3
SUP_00006,7553824261410,Supplier-6,BR,4
SUP_00007,2006191692602,Supplier-7,CH,4
SUP_00008,3681245759746,Supplier-8,CH,4
SUP_00009,9018663844936,Supplier-9,CN,2
SUP_00010,9098985508356,Supplier-10,IE,4
SUP_00011,3684646242263,Supplier-11,GB,5
SUP_00012,7685706978940,Supplier-12,SG,5
SUP_00013,7450880813945,Supplier-13,BR,5
SUP_00014,7734352338288,Supplier-14,GB,5
SUP_00015,7809203506544,Supplier-15,GB,5
SUP_00016,2008926162070,Supplier-16,BR,1
SUP_00017,8974459369634,Supplier-17,CN,5
SUP_00018,1361792963663,Supplier-18,GB,3
SUP_00019,5909019445404,Supplier-19,CA,3
SUP_00020,4665473528806,Supplier-20,CA,4
SUP_00021,7308234545366,Supplier-21,CN,5
SUP_00022,7016781882379,Supplier-22,DE,4
SUP_00023,9199676127638,Supplier-23,DE,3
SUP_00024,4970575882148,Supplier-24,DE,3
SUP_00025,4583461843037,Supplier-25,SG,5
SUP_00026,2332166722218,Supplier-26,US,5
SUP_00027,1623007031440,Supplier-27,IE,2
SUP_00028,7903720470134,Supplier-28,US,3
SUP_00029,5641495494901,Supplier-29,IE,3
SUP_00030,1748918953027,Supplier-30,GB,3
SUP_00031,8336290871588,Supplier-31,SG,4
SUP_00032,5533961637168,Supplier-32,CH,3
SUP_00033,4942383486139,Supplier-33,SG,4
SUP_00034,3386117692762,Supplier-34,CA,5
SUP_00035,5357494558074,Supplier-35,BR,5
SUP_00036,1711547565849,Supplier-36,IN,2
SUP_00037,2777728595094,Supplier-37,CA,3
SUP_00038,9936749937471,Supplier-38,SG,4
SUP_00039,7420300146402,Supplier-39,IE,4
SUP_00040,9842790251853,Supplier-40,IN,3
SUP_00041,7762282677607,Supplier-41,IE,3
SUP_00042,9539662477207,Supplier-42,BR,3
SUP_00043,9561766729478,Supplier-43,IN,3
SUP_00044,1064228316846,Supplier-44,CN,5
SUP_00045,2384792696095,Supplier-45,US,4
SUP_00046,7443893501097,Supplier-46,IN,4
SUP_00047,1664863468135,Supplier-47,BR,4
SUP_00048,8773902077268,Supplier-48,CN,4
SUP_00049,3301492137655,Supplier-49,IN,4
SUP_00050,8043611796282,Supplier-50,CH,3
