warehouse_id,gln,name,address
WH_00001,7950227459511,Warehouse-1,"50 Logistics Road, Sector 8"
WH_00002,1703644602506,Warehouse-2,"917 Logistics Road, Sector 21"
WH_00003,8571546837626,Warehouse-3,"725 Logistics Road, Sector 47"
WH_00004,6543738895534,Warehouse-4,"847 Logistics Road, Sector 3"
WH_00005,4544506290074,Warehouse-5,"48 Logistics Road, Sector 9"
WH_00006,9309597614599,Warehouse-6,"584 Logistics Road, Sector 23"
WH_00007,2371739887837,Warehouse-7,"167 Logistics Road, Sector 14"
WH_00008,4981351698538,Warehouse-8,"782 Logistics Road, Sector 25"
WH_00009,6330509750815,Warehouse-9,"783 Logistics Road, Sector 17"
WH_00010,8876901520234,Warehouse-10,"7 Logistics Road, Sector 29"
WH_00011,1379163610702,Warehouse-11,"307 Logistics Road, Sector 39"
WH_00012,2438815213066,Warehouse-12,"575 Logistics Road, Sector 5"
WH_00013,8886262046769,Warehouse-13,"816 Logistics Road, Sector 47"
WH_00014,5524983576351,Warehouse-14,"104 Logistics Road, Sector 43"
WH_00015,5312053929584,Warehouse-15,"196 Logistics Road, Sector 20"
WH_00016,7970889358591,Warehouse-16,"332 Logistics Road, Sector 31"
WH_00017,6652737634740,Warehouse-17,"421 Logistics Road, Sector 17"
WH_00018,8877062682572,Warehouse-18,"894 Logistics Road, Sector 3"
WH_00019,5312717722451,Warehouse-19,"75 Logistics Road, Sector 9"
WH_00020,1991282093105,Warehouse-20,"494 Logistics Road, Sector 41"
WH_00021,7375941178805,Warehouse-21,"643 Logistics Road, Sector 44"
WH_00022,2795851176560,Warehouse-22,"544 Logistics Road, Sector 6"
WH_00023,4046918371408,Warehouse-23,"71 Logistics Road, Sector 9"
WH_00024,4041576558290,Warehouse-24,"481 Logistics Road, Sector 40"
WH_00025,6368619625987,Warehouse-25,"383 Logistics Road, Sector 20"
WH_00026,4022930976078,Warehouse-26,"232 Logistics Road, Sector 25"
WH_00027,4313616989745,Warehouse-27,"172 Logistics Road, Sector 38"
WH_00028,3776752222294,Warehouse-28,"957 Logistics Road, Sector 22"
WH_00029,7449232469431,Warehouse-29,"177 Logistics Road, Sector 34"
WH_00030,9477304822611,Warehouse-30,"734 Logistics Road, Sector 11"
WH_00031,5555673193547,Warehouse-31,"447 Logistics Road, Sector 20"
WH_00032,1909800060616,Warehouse-32,"602 Logistics Road, Sector 22"
WH_00033,8971408679778,Warehouse-33,"348 Logistics Road, Sector 21"
WH_00034,7583539307855,Warehouse-34,"751 Logistics Road, Sector 24"
WH_00035,3189279408793,Warehouse-35,"516 Logistics Road, Sector 27"
WH_00036,3892540172393,Warehouse-36,"618 Logistics Road, Sector 23"
WH_00037,1459928181982,Warehouse-37,"871 Logistics Road, Sector 30"
WH_00038,5506420664564,Warehouse-38,"539 Logistics Road, Sector 31"
WH_00039,4478293274454,Warehouse-39,"86 Logistics Road, Sector 10"
WH_00040,6409831080327,Warehouse-40,"860 Logistics Road, Sector 3"
WH_00041,1265331304522,Warehouse-41,"872 Logistics Road, Sector 24"
WH_00042,9586865308218,Warehouse-42,"63 Logistics Road, Sector 12"
WH_00043,8626310284831,Warehouse-43,"868 Logistics Road, Sector 47"
WH_00044,4839807895193,Warehouse-44,"275 Logistics Road, Sector 32"
WH_00045,3569848385316,Warehouse-45,"737 Logistics Road, Sector 16"
WH_00046,8004771716036,Warehouse-46,"509 Logistics Road, Sector 45"
WH_00047,8268475470372,Warehouse-47,"619 Logistics Road, Sector 37"
WH_00048,2164552857808,Warehouse-48,"799 Logistics Road, Sector 16"
WH_00049,8708047157909,Warehouse-49,"784 Logistics Road, Sector 12"
WH_00050,2357672917805,Warehouse-50,"714 Logistics Road, Sector 36"
